<?xml version="1.0" encoding="UTF-8" ?>
<xml>
<xsd:schema xmlns:xsd="http://www.w3.org/2001/XMLSchema" xmlns:sql="http://www.radiantlogic.com/schemas" >
<xsd:annotation>
<xsd:documentation xml:lang="en">
This schema is generated by RadiantLogic XML tool.
</xsd:documentation>
</xsd:annotation>
<xsd:element name="wrap" type="wrapType" />
<xsd:complexType name="wrapType">
<xsd:sequence>
<xsd:element name="record" type="recordType" minOccurs="0" maxOccurs="unbounded" />
</xsd:sequence>
</xsd:complexType>
<xsd:complexType name="recordType">
<xsd:sequence>
<xsd:element name="binddn" type="xsd:string" />
<xsd:element name="bindpw" type="xsd:string" />
<xsd:element name="DBMSName" sql:field="DBMS Name" type="xsd:string" />
<xsd:element name="ldapurl" type="xsd:string" />
<xsd:element name="active" type="xsd:string" />
<xsd:element name="errorCode" type="xsd:string" />
<xsd:element name="id" type="xsd:string" />
<xsd:element name="label" type="xsd:string" />
<xsd:element name="ssl" type="xsd:string" />
<xsd:element name="data_source" type="xsd:string" />
<xsd:element name="status" type="xsd:string" />
</xsd:sequence>
<xsd:attribute name="recordID" type="xsd:string" />
</xsd:complexType>
</xsd:schema>
<wrap>
<record recordID="1">
<DBMSName>{AES}xM9AugK|dnLw13q5ZMjbkMt8L/7ZD3i5lClNuyGS0iXIEBp1mnE0XRGsrZPhn/yI+58kULSX/</DBMSName>
<active>true</active>
<binddn>{AES}|Jd6NRLze3Julwc88mWw1RGhKFUAeiztJKaHq5PeH3sV5AUBQ+Dwx7CUHKqVKdpTZN4lJ3etCBVgZSF5qWarEs6jYEbY8/w==</binddn>
<bindpw>{AES}3CNWw0zvdcYtiYvFnva4pns+j8|IVVAlUPeeUOdqTU/yPIpvhISsZ2DuVO3vQWp6OcjWaL33/</bindpw>
<data_source>LDAP</data_source>
<errorCode>0</errorCode>
<id>replicationjournal</id>
<label>replicationjournal</label>
<ldapurl>{AES}uiPwYvZLe|cIzPE0R4Sb+0a6JsJgWf4XvB8eLFxAHHsw0oPzdbNTwx7eXkMzqDuFSU0piAr1rPh5msdLrNywz2JqdXZoD/w==</ldapurl>
<ssl>false</ssl>
<status>OK</status>
</record>
</wrap>
</xml>