<?xml version="1.0" encoding="UTF-8" ?>
<xml>
<xsd:schema xmlns:xsd="http://www.w3.org/2001/XMLSchema" xmlns:sql="http://www.radiantlogic.com/schemas" >
<xsd:annotation>
<xsd:documentation xml:lang="en">
This schema is generated by RadiantLogic XML tool.
</xsd:documentation>
</xsd:annotation>
<xsd:element name="wrap" type="wrapType" />
<xsd:complexType name="wrapType">
<xsd:sequence>
<xsd:element name="record" type="recordType" minOccurs="0" maxOccurs="unbounded" />
</xsd:sequence>
</xsd:complexType>
<xsd:complexType name="recordType">
<xsd:sequence>
<xsd:element name="binddn" type="xsd:string" />
<xsd:element name="bindpw" type="xsd:string" />
<xsd:element name="DBMSName" sql:field="DBMS Name" type="xsd:string" />
<xsd:element name="ldapurl" type="xsd:string" />
<xsd:element name="active" type="xsd:string" />
<xsd:element name="errorCode" type="xsd:string" />
<xsd:element name="id" type="xsd:string" />
<xsd:element name="label" type="xsd:string" />
<xsd:element name="ssl" type="xsd:string" />
<xsd:element name="data_source" type="xsd:string" />
<xsd:element name="status" type="xsd:string" />
</xsd:sequence>
<xsd:attribute name="recordID" type="xsd:string" />
</xsd:complexType>
</xsd:schema>
<wrap>
<record recordID="1">
<DBMSName>{AES}M03phgVZ8v77s9t5Qg1Q|Ww2jF+BcJVyR44S9PYVIvBXKXeedhMUtl7yyy8mnMMXmjI14hhX/</DBMSName>
<active>true</active>
<binddn>{AES}MV419jtwrbhOvCGIkZW+Te9TK59TJBEOs74Bn35iiGzTtNn7|eHIRR7RMTU3AYn7IiCHtJfVm4G5X9sA7U7vgf8zUMixf/w==</binddn>
<bindpw>{AES}/bCdtxVAEW51Ua0SRW9D1LxHHvpaANwKqz+IW|zxLde03jJE0+NiuMiMp+fD0NNkd/Agn5Qr/</bindpw>
<data_source>LDAP</data_source>
<errorCode>0</errorCode>
<id>vdsha</id>
<label>vdsha</label>
<ldapurl>{AES}zbDp/9ouB6WztHaxDdLU5x2TGqMgRXiS3D|ss4Ny2QrWx+PZmtCM+fK+bSgsqFBFgFDfzjQYKxCwD0WFv8gnFHrgn0pp1/w==</ldapurl>
<ssl>false</ssl>
<status>OK</status>
</record>
</wrap>
</xml>