<?xml version="1.0" encoding="UTF-8" ?>
<xml>
<xsd:schema xmlns:xsd="http://www.w3.org/2001/XMLSchema" xmlns:sql="http://www.radiantlogic.com/schemas" >
<xsd:annotation>
<xsd:documentation xml:lang="en">
This schema is generated by RadiantLogic XML tool.
</xsd:documentation>
</xsd:annotation>
<xsd:element name="wrap" type="wrapType" />
<xsd:complexType name="wrapType">
<xsd:sequence>
<xsd:element name="record" type="recordType" minOccurs="0" maxOccurs="unbounded" />
</xsd:sequence>
</xsd:complexType>
<xsd:complexType name="recordType">
<xsd:sequence>
<xsd:element name="DBMSName" sql:field="DBMS Name" type="xsd:string" />
<xsd:element name="active" type="xsd:string" />
<xsd:element name="errorCode" type="xsd:string" />
<xsd:element name="label" type="xsd:string" />
<xsd:element name="alternatedatasource" type="xsd:string" />
<xsd:element name="data_source" type="xsd:string" />
<xsd:element name="url" type="xsd:string" />
<xsd:element name="password" type="xsd:string" />
<xsd:element name="id" type="xsd:string" />
<xsd:element name="driver-class-name" type="xsd:string" />
<xsd:element name="username" type="xsd:string" />
<xsd:element name="backendstatus" type="xsd:string" />
<xsd:element name="status" type="xsd:string" />
</xsd:sequence>
<xsd:attribute name="recordID" type="xsd:string" />
</xsd:complexType>
</xsd:schema>
<wrap>
<record recordID="1">
<DBMSName>{AES}1nSI6yTvQunUwJ|XcGz1KX/ut6Z7MANso4XU6jul3Cs5moepfonRtN7aPgTt10Ur2A7VMKXr/</DBMSName>
<active>true</active>
<alternatedatasource></alternatedatasource>
<backendstatus>on</backendstatus>
<data_source>JDBC</data_source>
<driver-class-name>{AES}xaMLAMLFDbkc5Mi588eieruopXe9Sep6QcWR2u6ZetnvtgwbZKQFFlpODl8qdn7GuSU7EG7Sjxa9m0gVgzx6/L/2hQwb97dqNFSfTXX7tLeTL|Qsie/8=</driver-class-name>
<errorCode>0</errorCode>
<id>log2db</id>
<label>log2db</label>
<password>{AES}LGnZ|A+49fjm8RFxm9MBEzQ7W8v9rELwi7lMfGi6nvaW/VJtD+HPHOFf1klAYgL3mwd5KQDr/</password>
<status>OK</status>
<url>{AES}BDWY+ixf66oFzhJ/GDifFAgIY6jY0cleajdo6Md/KVc1YbyL0np/eU/PxOb9pL|KlbU3iGzBTigHyGD4RPjcNqFvrQVgt/w==</url>
<username>{AES}ODXj6jV31WttE7xsChKZ5Cs8grnEZWLcneSUqCX/pTtU2fF0vm+E|LiT5iHB3IXlhQDgZNVL/</username>
</record>
</wrap>
</xml>