<?xml version="1.0" encoding="UTF-8" ?>
<xml>
<xsd:schema xmlns:xsd="http://www.w3.org/2001/XMLSchema" xmlns:sql="http://www.radiantlogic.com/schemas" >
<xsd:annotation>
<xsd:documentation xml:lang="en">
This schema is generated by RadiantLogic XML tool.
</xsd:documentation>
</xsd:annotation>
<xsd:element name="wrap" type="wrapType" />
<xsd:complexType name="wrapType">
<xsd:sequence>
<xsd:element name="record" type="recordType" minOccurs="0" maxOccurs="unbounded" />
</xsd:sequence>
</xsd:complexType>
<xsd:complexType name="recordType">
<xsd:sequence>
<xsd:element name="binddn" type="xsd:string" />
<xsd:element name="bindpw" type="xsd:string" />
<xsd:element name="DBMSName" sql:field="DBMS Name" type="xsd:string" />
<xsd:element name="ldapurl" type="xsd:string" />
<xsd:element name="active" type="xsd:string" />
<xsd:element name="errorCode" type="xsd:string" />
<xsd:element name="id" type="xsd:string" />
<xsd:element name="label" type="xsd:string" />
<xsd:element name="ssl" type="xsd:string" />
<xsd:element name="data_source" type="xsd:string" />
<xsd:element name="status" type="xsd:string" />
</xsd:sequence>
<xsd:attribute name="recordID" type="xsd:string" />
</xsd:complexType>
</xsd:schema>
<wrap>
<record recordID="1">
<DBMSName>{AES}gg|NJobl1zYixCR0HOKnLN0fB4WW3+iO7gsWh7JleYN8Cc6rbiAHW/UwhS+mt1CDKyCanIjb/</DBMSName>
<active>true</active>
<binddn>{AES}7b+9cV7Z4QaWg4u3PWutKctLX9uIBP56q9VfyzoRmkWqYFNy2673KpvGMdoJmkT38kZjwESphRT|Ve6r+xUhQoi+8w6s4/w==</binddn>
<bindpw>{AES}7p1IcB53Q1NbOpkWo0f9KHX1+IFO5ptKr7tfo9JbcOnKpz112VjGtn|+6UW58PQpsy5EQJij/</bindpw>
<data_source>LDAP</data_source>
<errorCode>0</errorCode>
<id>replicationjournal</id>
<label>replicationjournal</label>
<ldapurl>{AES}AUieyzyhkTPJlfwDlSJ/THKK/9nI70lRfflnU/tAxFAa722uXuRiz8nGAvvTt2Cgd|Li0LqrFLq8ghFnltIGQA6fvACZj/w==</ldapurl>
<ssl>false</ssl>
<status>OK</status>
</record>
</wrap>
</xml>