<?xml version="1.0" encoding="UTF-8" ?>
<xml>
<xsd:schema xmlns:xsd="http://www.w3.org/2001/XMLSchema" xmlns:sql="http://www.radiantlogic.com/schemas" >
<xsd:annotation>
<xsd:documentation xml:lang="en">
This schema is generated by RadiantLogic XML tool.
</xsd:documentation>
</xsd:annotation>
<xsd:element name="wrap" type="wrapType" />
<xsd:complexType name="wrapType">
<xsd:sequence>
<xsd:element name="record" type="recordType" minOccurs="0" maxOccurs="unbounded" />
</xsd:sequence>
</xsd:complexType>
<xsd:complexType name="recordType">
<xsd:sequence>
<xsd:element name="binddn" type="xsd:string" />
<xsd:element name="bindpw" type="xsd:string" />
<xsd:element name="DBMSName" sql:field="DBMS Name" type="xsd:string" />
<xsd:element name="ldapurl" type="xsd:string" />
<xsd:element name="active" type="xsd:string" />
<xsd:element name="errorCode" type="xsd:string" />
<xsd:element name="id" type="xsd:string" />
<xsd:element name="label" type="xsd:string" />
<xsd:element name="ssl" type="xsd:string" />
<xsd:element name="data_source" type="xsd:string" />
<xsd:element name="status" type="xsd:string" />
</xsd:sequence>
<xsd:attribute name="recordID" type="xsd:string" />
</xsd:complexType>
</xsd:schema>
<wrap>
<record recordID="1">
<DBMSName>{AES}T7cjm5H7PkDkELljUcjuQ/WS2Y7eTWmWgC88aScTa|OFuSwLZejwWzXgJ68e7Xqfoc4OxTEr/</DBMSName>
<active>true</active>
<binddn>{AES}ZheallTDVGox7gZgyg2nHFGwcm8/D/5iMKZG8+k0eWOQIeHvHBLL/C3369s1t7|gO74l+8ily5lGWDwA3/0y7e5QRkQQ3/w==</binddn>
<bindpw>{AES}T6w/wBR1R5OfmJD8pFFnuPjkI3RdGwCTtCDAOzd|FKC+A+FMob9Hz1IT+ukzKO55BNImB8l3/</bindpw>
<data_source>LDAP</data_source>
<errorCode>0</errorCode>
<id>vdsha</id>
<label>vdsha</label>
<ldapurl>{AES}OwVmtHJhONcaXG|bsURR3zvpPCi7Jjbrl9h8KsmHu3LmhYD8JGUTBExvc6Gm16dXwRXJlUCnbtaCod7qv9fjwhRvsfP44/w==</ldapurl>
<ssl>false</ssl>
<status>OK</status>
</record>
</wrap>
</xml>